{"products":[{"id":0.6942028917645657,"qty":2},{"id":"0.451397059212864","qty":2},{"id":0.6991977673364853,"qty":1}],"totalPrice":45}