{"products":[{"id":1,"qty":4},{"id":0.3625017821848102,"qty":1},{"id":0.6423614990087758,"qty":1}],"totalPrice":102}